contract_address,i_owner,token_id,uri,tx_hash,block_number,block_hash,network,tx_index,log_index
0xcf7ed3acca5a467e9e704c703e8d87f634fb0fc9,0xf39fd6e51aad88f6f4ce6ab8827279cfffb92266,17306216395670835,ipfs://bafybeibilz47fthsx5surktoy36pcxexthcluatjdxjth6gcp5k7sm5ocu/solar_array/17306216395670835.json,0x821b67c06e94fec2687d3ef5264c1b7747d62b7b2b8a4be2a00a46a22757b019,138,0x067b9cb3c0ddccda282928abf40bb40a17b097c4e335583a886d3d72788ae453,anvil
0xcf7ed3acca5a467e9e704c703e8d87f634fb0fc9,0xf39fd6e51aad88f6f4ce6ab8827279cfffb92266,17306477486341784,ipfs://bafybeibilz47fthsx5surktoy36pcxexthcluatjdxjth6gcp5k7sm5ocu/solar_array/17306477486341784.json,0xadc1c7a5fa9a0177a77e78c8d45c905051fb7601556bb2abf5143f358b15fd6c,139,0x09e1d6ede42d71af65cc37b04545687f36c04f71f581a3e1e6076a15cdad25ab,anvil
0xcf7ed3acca5a467e9e704c703e8d87f634fb0fc9,0xf39fd6e51aad88f6f4ce6ab8827279cfffb92266,17400110967609934,ipfs://bafybeibilz47fthsx5surktoy36pcxexthcluatjdxjth6gcp5k7sm5ocu/solar_array/17400110967609934.json,0x49e9cc371be1803d47c767b95c7c9a7051bc1f87ec2bea961a593fb6bd38d392,140,0x5000456917454215bcb0e58a60b17233c2f1dff2fd2fb82500e45c85757a2358,anvil
0xcf7ed3acca5a467e9e704c703e8d87f634fb0fc9,0xf39fd6e51aad88f6f4ce6ab8827279cfffb92266,17306238320579485,ipfs://bafybeibilz47fthsx5surktoy36pcxexthcluatjdxjth6gcp5k7sm5ocu/solar_array/17306238320579485.json,0xab853b2955829cf2403709202b36a1ea8d260a26e4888fd476aec69b330cd6fc,141,0xadd124e14a7f16b47303d2a53810580914a3e5daa56ee0a9da3f2e0d6ac25ba8,anvil
0xcf7ed3acca5a467e9e704c703e8d87f634fb0fc9,0xf39fd6e51aad88f6f4ce6ab8827279cfffb92266,17306035178284744,ipfs://bafybeibilz47fthsx5surktoy36pcxexthcluatjdxjth6gcp5k7sm5ocu/solar_array/17306035178284744.json,0x45a9ecbe0bcbdfc112c7d64fbcbc3d42d11023554f367b7f68f6a4af71988c10,142,0x2747aa9e933642267dd4ac9033022baa74b1663075e4aef56cb79369de1fb3ae,anvil
0xcf7ed3acca5a467e9e704c703e8d87f634fb0fc9,0xf39fd6e51aad88f6f4ce6ab8827279cfffb92266,17303553880579229,ipfs://bafybeibilz47fthsx5surktoy36pcxexthcluatjdxjth6gcp5k7sm5ocu/solar_array/17303553880579229.json,0x953b567032685c456b707358f640e4d30fa4d32298fa411bb659fe7080765a29,143,0x3383f7b94e1a38dd455bc13464ee0e96da85747ecdb42c19e2464061b4c5e699,anvil
0xcf7ed3acca5a467e9e704c703e8d87f634fb0fc9,0xf39fd6e51aad88f6f4ce6ab8827279cfffb92266,17303528322365640,ipfs://bafybeibilz47fthsx5surktoy36pcxexthcluatjdxjth6gcp5k7sm5ocu/solar_array/17303528322365640.json,0xead037e56b3ef88cef8a96ff3a649eeb2304b6ed9a8f26c5ae33a22df912b8a6,144,0x0780d950ddf904b961e99698f9b390e328bf0c228f2a4ec15bf9e1721fe9839b,anvil
0xcf7ed3acca5a467e9e704c703e8d87f634fb0fc9,0xf39fd6e51aad88f6f4ce6ab8827279cfffb92266,17306233001716491,ipfs://bafybeibilz47fthsx5surktoy36pcxexthcluatjdxjth6gcp5k7sm5ocu/solar_array/17306233001716491.json,0x6e39ac9b09aa61849eda3a43fe292d3c15aa03919d5203776b6dd3dd74206c7a,145,0x01972ebb8e579cff991bd9ad9df482a07968988681e8eb46936e8236f2a779c3,anvil
0xcf7ed3acca5a467e9e704c703e8d87f634fb0fc9,0xf39fd6e51aad88f6f4ce6ab8827279cfffb92266,17306224847153802,ipfs://bafybeibilz47fthsx5surktoy36pcxexthcluatjdxjth6gcp5k7sm5ocu/solar_array/17306224847153802.json,0x54d3bac7e4e832cf743f8f047cc10ec636515f080fcf4efd7b2955e6117d76d0,146,0xe0eb3a5f40492559e740f8e2ef75a546264cd453385e1b1f5f7b77bf218c43f5,anvil
0xcf7ed3acca5a467e9e704c703e8d87f634fb0fc9,0xf39fd6e51aad88f6f4ce6ab8827279cfffb92266,17306308488745127,ipfs://bafybeibilz47fthsx5surktoy36pcxexthcluatjdxjth6gcp5k7sm5ocu/solar_array/17306308488745127.json,0x29252867a5788a8a80b776b460d5050de57a0a7e3341e56a52e8032e5e6f29a1,147,0xfe0de227d5ac85cb99a95e1d84bc5867195d6618b3f5ba5455f9470db059d619,anvil
0xcf7ed3acca5a467e9e704c703e8d87f634fb0fc9,0xf39fd6e51aad88f6f4ce6ab8827279cfffb92266,17309481634049877,ipfs://bafybeibilz47fthsx5surktoy36pcxexthcluatjdxjth6gcp5k7sm5ocu/solar_array/17309481634049877.json,0x321c7243a4c828a7ae1ebc368d6483c2dab0e1d5f88fe4efb9dad83db4157e44,148,0xc0f814f6fc05d14e6d2399d0db432ebb1fb42d1c52fd27a80ea7452730eda8d6,anvil
0xcf7ed3acca5a467e9e704c703e8d87f634fb0fc9,0xf39fd6e51aad88f6f4ce6ab8827279cfffb92266,17306993425573578,ipfs://bafybeibilz47fthsx5surktoy36pcxexthcluatjdxjth6gcp5k7sm5ocu/solar_array/17306993425573578.json,0xebaa7f11bd4fc89ecb96da21fd065c8754c7169c0bc99a0b2cc5ed6620adcfb9,149,0xb006256bb66cfc0977d51593eaf6d6375a4e59e8f9ecc963cd94c99ce784111a,anvil
0xcf7ed3acca5a467e9e704c703e8d87f634fb0fc9,0xf39fd6e51aad88f6f4ce6ab8827279cfffb92266,17400157168097637,ipfs://bafybeibilz47fthsx5surktoy36pcxexthcluatjdxjth6gcp5k7sm5ocu/solar_array/17400157168097637.json,0xfb0c395618df747dc4e3ecb9da86c82b03f5b815437647af9fd979c760c18a52,150,0xf8a07d6f95bee7e54745e32cbb0fa7d03c7f235fd56d489323c78a135e20dd22,anvil
0xcf7ed3acca5a467e9e704c703e8d87f634fb0fc9,0xf39fd6e51aad88f6f4ce6ab8827279cfffb92266,17305718457665054,ipfs://bafybeibilz47fthsx5surktoy36pcxexthcluatjdxjth6gcp5k7sm5ocu/solar_array/17305718457665054.json,0xec373b3bb804b96f9c36abfa34e81207ee23c5ee0d1a3a6ccc227d25aca127e2,151,0x8b2994961c9976e1de180cf22e6b49c6ddca82e8a3947bf1c567ab11ed7c9a27,anvil
0xcf7ed3acca5a467e9e704c703e8d87f634fb0fc9,0xf39fd6e51aad88f6f4ce6ab8827279cfffb92266,17308529847230215,ipfs://bafybeibilz47fthsx5surktoy36pcxexthcluatjdxjth6gcp5k7sm5ocu/solar_array/17308529847230215.json,0x3157c3f7896defaf0682691a1e33d5628a33fe6e60ccd2d877b85dd13f23a87e,152,0xf35fb48ee62322441740491114b554e124a1c9a7d767476cf46100fe4f4c9026,anvil
0xcf7ed3acca5a467e9e704c703e8d87f634fb0fc9,0xf39fd6e51aad88f6f4ce6ab8827279cfffb92266,17307117006149493,ipfs://bafybeibilz47fthsx5surktoy36pcxexthcluatjdxjth6gcp5k7sm5ocu/solar_array/17307117006149493.json,0x6f077962811d92dc0026f1ba3c4410d0e9fe9ec59360c0f9314bb355d36297f5,153,0xfa4c91cc475d5ddf2de4d5368c574427bf38fa68a8676df2743688ffdcfaba90,anvil
0xcf7ed3acca5a467e9e704c703e8d87f634fb0fc9,0xf39fd6e51aad88f6f4ce6ab8827279cfffb92266,17306153102682872,ipfs://bafybeibilz47fthsx5surktoy36pcxexthcluatjdxjth6gcp5k7sm5ocu/solar_array/17306153102682872.json,0xe89b6046fa8974cdbd1cbcae87888ef5b21ba91cb1b1208e29bec1579462701c,154,0x1194a321e8a2ac86fee55bf479c8a69bbd69b9adf8e5309bb74e3b0146b8d2f0,anvil
0xcf7ed3acca5a467e9e704c703e8d87f634fb0fc9,0xf39fd6e51aad88f6f4ce6ab8827279cfffb92266,17306494851317407,ipfs://bafybeibilz47fthsx5surktoy36pcxexthcluatjdxjth6gcp5k7sm5ocu/solar_array/17306494851317407.json,0x3c4bf1423ce8cc3fff0f02b9a351dfab5940b0d5927afb80e04d27443dde84cc,155,0xefcfad9c050e5c6021d06ac1c16eb28b36569c5f31238c4bcd6fb3aa67d9f198,anvil
0xcf7ed3acca5a467e9e704c703e8d87f634fb0fc9,0xf39fd6e51aad88f6f4ce6ab8827279cfffb92266,17308724110214333,ipfs://bafybeibilz47fthsx5surktoy36pcxexthcluatjdxjth6gcp5k7sm5ocu/solar_array/17308724110214333.json,0x4364d0a95c132e6212307e9ad4f38b48a9d8636f41eb95d723b10f846f3da916,156,0x43a4108a64329f622d1a730fc3d1c46b0fd000f43245a6f5bcb866feccebff84,anvil
0xcf7ed3acca5a467e9e704c703e8d87f634fb0fc9,0xf39fd6e51aad88f6f4ce6ab8827279cfffb92266,17400183224892396,ipfs://bafybeibilz47fthsx5surktoy36pcxexthcluatjdxjth6gcp5k7sm5ocu/solar_array/17400183224892396.json,0xf3db24f9a4165580dd32f623fd02fabfa5b4d3e12b191262b7566441cd8ffcc9,157,0x57257878af3e8da2e910124d418abe532130ecca587cf9c8b77fa802599970a3,anvil
0xcf7ed3acca5a467e9e704c703e8d87f634fb0fc9,0xf39fd6e51aad88f6f4ce6ab8827279cfffb92266,17400140388866476,ipfs://bafybeibilz47fthsx5surktoy36pcxexthcluatjdxjth6gcp5k7sm5ocu/solar_array/17400140388866476.json,0xb6a7bef58b004527d380598a33a89d096178965e427a0bc16b01ca6ea9301045,158,0xd664531f5ce2230194c4114a9d8b5edeee02678e66eef374cc4f68290bdfbeb5,anvil
0xcf7ed3acca5a467e9e704c703e8d87f634fb0fc9,0xf39fd6e51aad88f6f4ce6ab8827279cfffb92266,17306902112606547,ipfs://bafybeibilz47fthsx5surktoy36pcxexthcluatjdxjth6gcp5k7sm5ocu/solar_array/17306902112606547.json,0x3ca7085645cce2e61e0113c559a72aaaca22125870c80b546f3675eeb6964716,159,0xa2ddf91387d23faee894e179469d124cba72c492714c64a54551ce82b59d8c49,anvil
0xcf7ed3acca5a467e9e704c703e8d87f634fb0fc9,0xf39fd6e51aad88f6f4ce6ab8827279cfffb92266,17308656713909620,ipfs://bafybeibilz47fthsx5surktoy36pcxexthcluatjdxjth6gcp5k7sm5ocu/solar_array/17308656713909620.json,0x1d006c5bc9fdd1f368aba0edca73f7e91a2913ee6c146620ea8d23712a23a7a6,160,0x4d894071e4e1028df03deaa04d75b9925c7663bd5fa169e94b800559fe626712,anvil
0xcf7ed3acca5a467e9e704c703e8d87f634fb0fc9,0xf39fd6e51aad88f6f4ce6ab8827279cfffb92266,17306134138156492,ipfs://bafybeibilz47fthsx5surktoy36pcxexthcluatjdxjth6gcp5k7sm5ocu/solar_array/17306134138156492.json,0x545f9af33d240517f0c649bf0f1bfdf6bb21bf16721f7ab809570219c8482d92,161,0xf366ecfd941773b847ade6fd8799d0aa192f06b2622553fb8a5349616e60b498,anvil
0xcf7ed3acca5a467e9e704c703e8d87f634fb0fc9,0xf39fd6e51aad88f6f4ce6ab8827279cfffb92266,17308556173618595,ipfs://bafybeibilz47fthsx5surktoy36pcxexthcluatjdxjth6gcp5k7sm5ocu/solar_array/17308556173618595.json,0x78c3d152c2b3ca84ec6c32109aecf6031800d4a8fcb481aeb59b557c369d28be,162,0x8f5aae035e885c4b1fe01981ecf2bab43c209d681b038c9340fce3da8975937b,anvil
0xcf7ed3acca5a467e9e704c703e8d87f634fb0fc9,0xf39fd6e51aad88f6f4ce6ab8827279cfffb92266,17307104159761274,ipfs://bafybeibilz47fthsx5surktoy36pcxexthcluatjdxjth6gcp5k7sm5ocu/solar_array/17307104159761274.json,0x968fb093cf42f4a674c9f3b42347cdaad1053aed097a5b362ec6c19c64a8ed38,163,0x6e119b3d4168ee8db792aae18be6c09229409ef24eab080a8543502f2a7ad716,anvil
0xcf7ed3acca5a467e9e704c703e8d87f634fb0fc9,0xf39fd6e51aad88f6f4ce6ab8827279cfffb92266,17309166349873409,ipfs://bafybeibilz47fthsx5surktoy36pcxexthcluatjdxjth6gcp5k7sm5ocu/solar_array/17309166349873409.json,0x6d5e02ef51d83bcb596b170cbddd0f98fca0beac455aa5f1fd61fcc29abe3147,164,0x9fb23f719c34b05133794b4e157d6a318bb49a4187553ebb93921be3bf712a9c,anvil
0xcf7ed3acca5a467e9e704c703e8d87f634fb0fc9,0xf39fd6e51aad88f6f4ce6ab8827279cfffb92266,17307057736154357,ipfs://bafybeibilz47fthsx5surktoy36pcxexthcluatjdxjth6gcp5k7sm5ocu/solar_array/17307057736154357.json,0xf7872ed83afa60767cba6882025d603dee452401c9f85e41fca63729773dd0cf,165,0x9d962e94e9c768c754c1be6faa1f2fe822a6e6ee6d0784e8adb748d3a95af604,anvil
0xcf7ed3acca5a467e9e704c703e8d87f634fb0fc9,0xf39fd6e51aad88f6f4ce6ab8827279cfffb92266,17403162491058464,ipfs://bafybeibilz47fthsx5surktoy36pcxexthcluatjdxjth6gcp5k7sm5ocu/solar_array/17403162491058464.json,0x8f2c434a265569c395473baa7a5e68c69ce8b7f6f168396d0f6c80855e73b04a,166,0x9132e8b7a44204c3d13a4575db3046a51fe838f1f145edd395f0b6535e79fcf7,anvil
0xcf7ed3acca5a467e9e704c703e8d87f634fb0fc9,0xf39fd6e51aad88f6f4ce6ab8827279cfffb92266,17306518286897078,ipfs://bafybeibilz47fthsx5surktoy36pcxexthcluatjdxjth6gcp5k7sm5ocu/solar_array/17306518286897078.json,0xfe883f39bd43c9f74d5098fcfe35149c6ea4ca71b08cb5595045561ce7f8ba28,167,0x0039f5a0364d43b91e2aee2d04695b80881fcd678264d628b63db3600740d11d,anvil
0xcf7ed3acca5a467e9e704c703e8d87f634fb0fc9,0xf39fd6e51aad88f6f4ce6ab8827279cfffb92266,17307004379703525,ipfs://bafybeibilz47fthsx5surktoy36pcxexthcluatjdxjth6gcp5k7sm5ocu/solar_array/17307004379703525.json,0x0d75d25f8c900028a106b0d3c05b1e2978e717f11739156b6c203ad4bb152931,168,0x22258a05c4a62a367ad2424fd62852b73c1f5f36483674932d7034a57d5db2d5,anvil
0xcf7ed3acca5a467e9e704c703e8d87f634fb0fc9,0xf39fd6e51aad88f6f4ce6ab8827279cfffb92266,17308528688816738,ipfs://bafybeibilz47fthsx5surktoy36pcxexthcluatjdxjth6gcp5k7sm5ocu/solar_array/17308528688816738.json,0x5f88dbdcf1a465207c6eeb8ef79ecb15c3a4a5a199f1962277519a2f054bc40a,169,0x6060cc19a5601207a54ba23efceba58666c5059257cc42ea38222b2187c8b8dc,anvil
0xcf7ed3acca5a467e9e704c703e8d87f634fb0fc9,0xf39fd6e51aad88f6f4ce6ab8827279cfffb92266,17308528328128069,ipfs://bafybeibilz47fthsx5surktoy36pcxexthcluatjdxjth6gcp5k7sm5ocu/solar_array/17308528328128069.json,0x8fc81180569d2aee70998e3070c15ccdaac97113b257b32b09eb8c97e38b2500,170,0x5344277be2f3338441fa60f5005a17309cd2c079bcbc36303c19e9dc044ba783,anvil
0xcf7ed3acca5a467e9e704c703e8d87f634fb0fc9,0xf39fd6e51aad88f6f4ce6ab8827279cfffb92266,17304077445392987,ipfs://bafybeibilz47fthsx5surktoy36pcxexthcluatjdxjth6gcp5k7sm5ocu/solar_array/17304077445392987.json,0x6b928af4dfd4dba8f825f9ebd5f942b6ee8d414816797fc61d52ea81fbe2a593,171,0xd817ceff227c39ef9423be277d3b581fc7589ec28b888aa41c71828d3cdd36fe,anvil
0xcf7ed3acca5a467e9e704c703e8d87f634fb0fc9,0xf39fd6e51aad88f6f4ce6ab8827279cfffb92266,17307134087527432,ipfs://bafybeibilz47fthsx5surktoy36pcxexthcluatjdxjth6gcp5k7sm5ocu/solar_array/17307134087527432.json,0x76a1b365bbcb3039c3769964b1384de255d5416dc075ae6ab9619b41b9a72ac5,172,0x3093b7b5dd458161e1079330db83d3dd2e3e714bca59bc9f17b79d6b1025fd5a,anvil
0xcf7ed3acca5a467e9e704c703e8d87f634fb0fc9,0xf39fd6e51aad88f6f4ce6ab8827279cfffb92266,17400111486028225,ipfs://bafybeibilz47fthsx5surktoy36pcxexthcluatjdxjth6gcp5k7sm5ocu/solar_array/17400111486028225.json,0xd65b0a054a943720c1c1d9ab463b76e3f7374eeb5954894c617281c1a053bea3,173,0x8fed418427aafee388521a05f50e45272d1fc0d79248436b7c5ab08262e39437,anvil
0xcf7ed3acca5a467e9e704c703e8d87f634fb0fc9,0xf39fd6e51aad88f6f4ce6ab8827279cfffb92266,17306340888017485,ipfs://bafybeibilz47fthsx5surktoy36pcxexthcluatjdxjth6gcp5k7sm5ocu/solar_array/17306340888017485.json,0x6193ca1f20432d772d3e4640e6ee9f42723166f6ad08581e54814bf5e6def00d,174,0x0854508aaf0cf3a05fa7b39c6fe64407d1a4f5074b579799cd8ab488870a913b,anvil
0xcf7ed3acca5a467e9e704c703e8d87f634fb0fc9,0xf39fd6e51aad88f6f4ce6ab8827279cfffb92266,17309195633266238,ipfs://bafybeibilz47fthsx5surktoy36pcxexthcluatjdxjth6gcp5k7sm5ocu/solar_array/17309195633266238.json,0x99f549a742141699ee90d29d6bdc275b7b77a8e40a702cd73a53e47c8611c01e,175,0x93d2aef55f78b61fb51157eba90a289df58fb2dd0530d3af9ca0f745b4878c53,anvil
0xcf7ed3acca5a467e9e704c703e8d87f634fb0fc9,0xf39fd6e51aad88f6f4ce6ab8827279cfffb92266,17306560097618346,ipfs://bafybeibilz47fthsx5surktoy36pcxexthcluatjdxjth6gcp5k7sm5ocu/solar_array/17306560097618346.json,0x8a54600df8dbc9aec7217994c132b8857c37762ba3101e22946e0803e8499bfc,176,0x9456c6b24d9e45b677f2f38e35652180880a4a35a5651700abf3a51a0079d4bf,anvil
0xcf7ed3acca5a467e9e704c703e8d87f634fb0fc9,0xf39fd6e51aad88f6f4ce6ab8827279cfffb92266,17400217986329656,ipfs://bafybeibilz47fthsx5surktoy36pcxexthcluatjdxjth6gcp5k7sm5ocu/solar_array/17400217986329656.json,0x81c8e5a5f4dd84aa0c732fe5f6a3a66a0f2198cd29888019fdc5e4c1da765640,177,0xbbf2545fe6ee6e05936a13a2ab9df6ce61a3e19b20628e80b410b301042e659d,anvil
0xcf7ed3acca5a467e9e704c703e8d87f634fb0fc9,0xf39fd6e51aad88f6f4ce6ab8827279cfffb92266,17308649076931098,ipfs://bafybeibilz47fthsx5surktoy36pcxexthcluatjdxjth6gcp5k7sm5ocu/solar_array/17308649076931098.json,0x722d1d9e5b6c940d5f451c120a664cf05facabb6552b91774c3c7ecb7bd6edcf,178,0x8334a8a5d4dbf88ed68b80f9378cbe30aff061e96178c0a6218ece6eed58b3d3,anvil
0xcf7ed3acca5a467e9e704c703e8d87f634fb0fc9,0xf39fd6e51aad88f6f4ce6ab8827279cfffb92266,17308647382834639,ipfs://bafybeibilz47fthsx5surktoy36pcxexthcluatjdxjth6gcp5k7sm5ocu/solar_array/17308647382834639.json,0x04c6fb24cc7237bdbba1e197ac3b64d99c670ed7be6ed10569529aca20e1c1b1,179,0xdf353e9a28df7515ff59b125fbe3ca7bf3a88c5fbb6a0694953154dac6e30598,anvil
0xcf7ed3acca5a467e9e704c703e8d87f634fb0fc9,0xf39fd6e51aad88f6f4ce6ab8827279cfffb92266,17306238321609804,ipfs://bafybeibilz47fthsx5surktoy36pcxexthcluatjdxjth6gcp5k7sm5ocu/solar_array/17306238321609804.json,0x096bcf208d151f45f7e32d095e3d9ff103d5e65e57da81a6b31617bdfbbdfa1c,180,0x38b387ae5e69ad23b2a71210a641b4b8f1c61ac6de50ceb5677eda8ad3531b81,anvil
0xcf7ed3acca5a467e9e704c703e8d87f634fb0fc9,0xf39fd6e51aad88f6f4ce6ab8827279cfffb92266,17307123363416775,ipfs://bafybeibilz47fthsx5surktoy36pcxexthcluatjdxjth6gcp5k7sm5ocu/solar_array/17307123363416775.json,0x925f862f0bb2618018a3b7c7e7822bd7c798ca4eecc70fb91c1fc46b392fb00e,181,0x4e3480c4b1775dd41d16cfc65510c4fcc165a0bceb7cd1e0ff2425428aec4134,anvil
0xcf7ed3acca5a467e9e704c703e8d87f634fb0fc9,0xf39fd6e51aad88f6f4ce6ab8827279cfffb92266,17306488637643404,ipfs://bafybeibilz47fthsx5surktoy36pcxexthcluatjdxjth6gcp5k7sm5ocu/solar_array/17306488637643404.json,0x8df49ee352a199141b8092cf65eeb576f3c8513ffc4dcc689ac2022bf10cfd1e,182,0x6fc9b77939560c26acca254da96419f4f67a7dab158c8049cf0b4e81adb15549,anvil
0xcf7ed3acca5a467e9e704c703e8d87f634fb0fc9,0xf39fd6e51aad88f6f4ce6ab8827279cfffb92266,17306495912940464,ipfs://bafybeibilz47fthsx5surktoy36pcxexthcluatjdxjth6gcp5k7sm5ocu/solar_array/17306495912940464.json,0xa992b4e590f619593ee6da372ca905c84acc96418e08f7b3621ace024475dcfc,183,0xdc563f648441f3701a34c4570805dc2db0cc3018ae8413d3b53fc77429b3b591,anvil
0xcf7ed3acca5a467e9e704c703e8d87f634fb0fc9,0xf39fd6e51aad88f6f4ce6ab8827279cfffb92266,17306452956234087,ipfs://bafybeibilz47fthsx5surktoy36pcxexthcluatjdxjth6gcp5k7sm5ocu/solar_array/17306452956234087.json,0xeeb6e38debb12ea57b3ea20e4d5d0a0dd49d2e82570247d50e36cff82646947f,184,0x57fe61761722adbef1caa684907041c8c0cae0ce3c53bbe3adefddd5412e7910,anvil
0xcf7ed3acca5a467e9e704c703e8d87f634fb0fc9,0xf39fd6e51aad88f6f4ce6ab8827279cfffb92266,17403365054692515,ipfs://bafybeibilz47fthsx5surktoy36pcxexthcluatjdxjth6gcp5k7sm5ocu/solar_array/17403365054692515.json,0xc160e3900988282bc7668d25cd272e3c48150c84e7575e6396fe067b529a2468,185,0xa0b9698f0505a387732c9fbcf93a3295849cea443d4e705cd4650b8e770b0db1,anvil
0xcf7ed3acca5a467e9e704c703e8d87f634fb0fc9,0xf39fd6e51aad88f6f4ce6ab8827279cfffb92266,17300721808805845,ipfs://bafybeibilz47fthsx5surktoy36pcxexthcluatjdxjth6gcp5k7sm5ocu/solar_array/17300721808805845.json,0x80c155bfc0030adf59bfa59ed17702de8f2f45e97457b5210b8816111f15ef57,186,0x6ce2920f4dad542bb30de7ec658485c28c88ab7235a517229c1a217fa721cb91,anvil
0xcf7ed3acca5a467e9e704c703e8d87f634fb0fc9,0xf39fd6e51aad88f6f4ce6ab8827279cfffb92266,17300490787649687,ipfs://bafybeibilz47fthsx5surktoy36pcxexthcluatjdxjth6gcp5k7sm5ocu/solar_array/17300490787649687.json,0x6ed4f01652707e0efb90ed13e1c20d9176814b23354d73a20eb92b899e9314d6,187,0x448934098b01b98e4bb4bb751399573c18c8d2ae4f11ee623b3b35f0507c63f7,anvil
0xcf7ed3acca5a467e9e704c703e8d87f634fb0fc9,0xf39fd6e51aad88f6f4ce6ab8827279cfffb92266,17307017040661603,ipfs://bafybeibilz47fthsx5surktoy36pcxexthcluatjdxjth6gcp5k7sm5ocu/solar_array/17307017040661603.json,0x26c45fc6cc7a5121b7648357a911f4e592b22248b379ac929f478be373afd3e2,188,0x9ae90a830e6e27dc64301be3de96b535b48f4847a837069677f3be9e67ffc21c,anvil
0xcf7ed3acca5a467e9e704c703e8d87f634fb0fc9,0xf39fd6e51aad88f6f4ce6ab8827279cfffb92266,17307049494662584,ipfs://bafybeibilz47fthsx5surktoy36pcxexthcluatjdxjth6gcp5k7sm5ocu/solar_array/17307049494662584.json,0x799f65443da854e10c5df5dada86f6f4d5d259a154aef71e30a5cbf806527d78,189,0x877b615bea4169b32ec72651b430dcdc32386d30dd9e63431637ff93d4794e31,anvil
0xcf7ed3acca5a467e9e704c703e8d87f634fb0fc9,0xf39fd6e51aad88f6f4ce6ab8827279cfffb92266,17400111605376486,ipfs://bafybeibilz47fthsx5surktoy36pcxexthcluatjdxjth6gcp5k7sm5ocu/solar_array/17400111605376486.json,0x0220f2171cf34de94a27c50d010f0c3c02ac2bc289c0838f919df7052d47b1b1,190,0xa60da12704487278ed90900be7efdc93aeb1d48f36007b059a953cd99d7a5c3f,anvil
0xcf7ed3acca5a467e9e704c703e8d87f634fb0fc9,0xf39fd6e51aad88f6f4ce6ab8827279cfffb92266,17306891289781624,ipfs://bafybeibilz47fthsx5surktoy36pcxexthcluatjdxjth6gcp5k7sm5ocu/solar_array/17306891289781624.json,0x71a628c66d37c38a801b0724a244f68b6572353a4e630a4b4128781b68c0b5a1,191,0x4afc8b870bf4b3d6b68ec944166a12da88feb6ddd30551a5cfd164b8f649a372,anvil
0xcf7ed3acca5a467e9e704c703e8d87f634fb0fc9,0xf39fd6e51aad88f6f4ce6ab8827279cfffb92266,17309121865341576,ipfs://bafybeibilz47fthsx5surktoy36pcxexthcluatjdxjth6gcp5k7sm5ocu/solar_array/17309121865341576.json,0x12efbd7c823a2f82062bad50ce120e772dc097f7731e2c40f286a0cbc31f368e,192,0xabaff1b4db03b7f50ff0cb2630296aa3796dfd7254ff53b77a3af9a44c23e924,anvil
0xcf7ed3acca5a467e9e704c703e8d87f634fb0fc9,0xf39fd6e51aad88f6f4ce6ab8827279cfffb92266,17400113204941543,ipfs://bafybeibilz47fthsx5surktoy36pcxexthcluatjdxjth6gcp5k7sm5ocu/solar_array/17400113204941543.json,0x60180f95659e7dd3310f9b04eb2dc070ac3676af13e46aa7d7123ef7d25e4689,193,0x09a35643c8b6d0a52763e55d8cfd1c4014af2c38c16516ad6045366b05a8d1cc,anvil
0xcf7ed3acca5a467e9e704c703e8d87f634fb0fc9,0xf39fd6e51aad88f6f4ce6ab8827279cfffb92266,17400204382449680,ipfs://bafybeibilz47fthsx5surktoy36pcxexthcluatjdxjth6gcp5k7sm5ocu/solar_array/17400204382449680.json,0xdabb19a79eb9b20be08d3bf7770bbbe9b3822db54f5f63e325569308e191a929,194,0x38c11d6e2fc767c1c77cfe8c992d2b6a058ab28f3846bb5106e6cb7e466a2760,anvil
0xcf7ed3acca5a467e9e704c703e8d87f634fb0fc9,0xf39fd6e51aad88f6f4ce6ab8827279cfffb92266,17400204289776793,ipfs://bafybeibilz47fthsx5surktoy36pcxexthcluatjdxjth6gcp5k7sm5ocu/solar_array/17400204289776793.json,0xcfefe75ee0955085c3ee08af5c8f861e057541b967eee97c32e2f81651783c5d,195,0x6dada8ae23c7101aeee69938ffc3afb37cb08fbd9a6eb8de0eca1e1cb4ff19ee,anvil
0xcf7ed3acca5a467e9e704c703e8d87f634fb0fc9,0xf39fd6e51aad88f6f4ce6ab8827279cfffb92266,17308711838653754,ipfs://bafybeibilz47fthsx5surktoy36pcxexthcluatjdxjth6gcp5k7sm5ocu/solar_array/17308711838653754.json,0x883f80d8aa11c663515116d1532248d3774e0399733660f02d8520ff0033a026,196,0xc0e94cbdf769bf30fd722a2238fc320c5ab2a3b65789beabc6bf68f46e09bfa8,anvil
0xcf7ed3acca5a467e9e704c703e8d87f634fb0fc9,0xf39fd6e51aad88f6f4ce6ab8827279cfffb92266,17308747386087971,ipfs://bafybeibilz47fthsx5surktoy36pcxexthcluatjdxjth6gcp5k7sm5ocu/solar_array/17308747386087971.json,0x3d676cc3e82c10c633350f4874b4b53f65a076ebd1ea260d91481e8c7fa99c4f,197,0x556b2e0d4e0b31792f0605dde3d04399e3d52183b4fefcd1d18b79505f767fa6,anvil
0xcf7ed3acca5a467e9e704c703e8d87f634fb0fc9,0xf39fd6e51aad88f6f4ce6ab8827279cfffb92266,17307039263400321,ipfs://bafybeibilz47fthsx5surktoy36pcxexthcluatjdxjth6gcp5k7sm5ocu/solar_array/17307039263400321.json,0x881fe0c0dc45b499df2c9bf25087790d3f2a2823a2c7008220433070a2144216,198,0x405cbcb3b3c4294cf18d565ac1c5a22e480148c000c4db1045652fcb76ef11f3,anvil
0xcf7ed3acca5a467e9e704c703e8d87f634fb0fc9,0xf39fd6e51aad88f6f4ce6ab8827279cfffb92266,17400156777499389,ipfs://bafybeibilz47fthsx5surktoy36pcxexthcluatjdxjth6gcp5k7sm5ocu/solar_array/17400156777499389.json,0xabb59e45d04f1b21afbc7a273e9a2ba15ab14cbe4f243f2d0e157dadbda65fad,199,0xfca9bfc1769d32ed108de3ed5afa120bc1f6019276116641d231d0e4200867bb,anvil
0xcf7ed3acca5a467e9e704c703e8d87f634fb0fc9,0xf39fd6e51aad88f6f4ce6ab8827279cfffb92266,17309081298536760,ipfs://bafybeibilz47fthsx5surktoy36pcxexthcluatjdxjth6gcp5k7sm5ocu/solar_array/17309081298536760.json,0xe04e81870eda18da77ea142ea83ab43e754785f8fd4a2f89ca60169d8399143b,200,0x75f9b752aab1e03145876b9bd4e1f199290873e7582afbfdd8a14abb1c2bb1dc,anvil
0xcf7ed3acca5a467e9e704c703e8d87f634fb0fc9,0xf39fd6e51aad88f6f4ce6ab8827279cfffb92266,17306212365870084,ipfs://bafybeibilz47fthsx5surktoy36pcxexthcluatjdxjth6gcp5k7sm5ocu/solar_array/17306212365870084.json,0xd82680705620c01aabf0e356e522995fcd6253bc217aa55b37482e41ee68b1e6,201,0x1913513269f308c14dbcaae109529f91026b54efffce14a49737b9f2ac980082,anvil
0xcf7ed3acca5a467e9e704c703e8d87f634fb0fc9,0xf39fd6e51aad88f6f4ce6ab8827279cfffb92266,17400100441024360,ipfs://bafybeibilz47fthsx5surktoy36pcxexthcluatjdxjth6gcp5k7sm5ocu/solar_array/17400100441024360.json,0xf8458f6545e97423ee204382beba10d4144abd26f35b61e2f55a3ee670c1d512,202,0xe1ed4b46890460ccace374ed930cac02cee8c5bcaeca8fbb8cde39cff6c9d0fc,anvil
0xcf7ed3acca5a467e9e704c703e8d87f634fb0fc9,0xf39fd6e51aad88f6f4ce6ab8827279cfffb92266,17309538323914288,ipfs://bafybeibilz47fthsx5surktoy36pcxexthcluatjdxjth6gcp5k7sm5ocu/solar_array/17309538323914288.json,0x783ad902e548be309094511f1d458eed4c0998feca9524843b9f494d8e29833c,203,0x04ffe35c770a01b838f3943a5a39a7f0b6b01a15fa3e2d07cb7e7e3cf5da7823,anvil
0xcf7ed3acca5a467e9e704c703e8d87f634fb0fc9,0xf39fd6e51aad88f6f4ce6ab8827279cfffb92266,17309337687549654,ipfs://bafybeibilz47fthsx5surktoy36pcxexthcluatjdxjth6gcp5k7sm5ocu/solar_array/17309337687549654.json,0x41659f38708b3ea047bb401e8ab9b58cc69091297a30660913203029ab6ed224,204,0x29f75bb647ad53dca81b683b191d363280f0ddbb03a578b83bec53ce4e931ac7,anvil
0xcf7ed3acca5a467e9e704c703e8d87f634fb0fc9,0xf39fd6e51aad88f6f4ce6ab8827279cfffb92266,17306252504698698,ipfs://bafybeibilz47fthsx5surktoy36pcxexthcluatjdxjth6gcp5k7sm5ocu/solar_array/17306252504698698.json,0xa5b1a44bfd3a861571260dcb125305746b57924b96bbdbcc4c61770e78b45c12,205,0x8dbe8bb38f50623581d477d90d0f0c2b76889860e71bc27a448934d8a808d71e,anvil
0xcf7ed3acca5a467e9e704c703e8d87f634fb0fc9,0xf39fd6e51aad88f6f4ce6ab8827279cfffb92266,17308577258870365,ipfs://bafybeibilz47fthsx5surktoy36pcxexthcluatjdxjth6gcp5k7sm5ocu/solar_array/17308577258870365.json,0xf02a06fd77ee1d8e62b6427d9fb830d92e69a96c4acc688beed2771d3a281954,206,0x71044f51f34bc09ac8a3760c88d791621e50ebf5dd86eaa596bed7d97761e4c4,anvil
0xcf7ed3acca5a467e9e704c703e8d87f634fb0fc9,0xf39fd6e51aad88f6f4ce6ab8827279cfffb92266,17306128570608985,ipfs://bafybeibilz47fthsx5surktoy36pcxexthcluatjdxjth6gcp5k7sm5ocu/solar_array/17306128570608985.json,0x276644bb0cfdd0a9572c60da39a9aa9901eb2b1ef82648bc4d31036795242a43,207,0x1a5d7ee03a3c27f958911c208eb3893b8a3a550b3c7b5e643d8296dd3480aaa2,anvil
0xcf7ed3acca5a467e9e704c703e8d87f634fb0fc9,0xf39fd6e51aad88f6f4ce6ab8827279cfffb92266,17306452503461398,ipfs://bafybeibilz47fthsx5surktoy36pcxexthcluatjdxjth6gcp5k7sm5ocu/solar_array/17306452503461398.json,0x92358c3b77e60ddad07f0ce0c8b523464ed944485216592c9af6b38c01dfff2a,208,0x1243349a82455d6f3e2854cfd6fe7ec5a1f532f00cc65ce283b8bcc84fc3b3d6,anvil
0xcf7ed3acca5a467e9e704c703e8d87f634fb0fc9,0xf39fd6e51aad88f6f4ce6ab8827279cfffb92266,17306910522399966,ipfs://bafybeibilz47fthsx5surktoy36pcxexthcluatjdxjth6gcp5k7sm5ocu/solar_array/17306910522399966.json,0x0f6b0ca7ada908aae705dbc5557ea1c7796236beecab0fcb428a8c52fae58e21,209,0x1010750449231b497e36d23fa8d3e98c7e40ac41e7b76b58ecf679cd12f2b896,anvil
0xcf7ed3acca5a467e9e704c703e8d87f634fb0fc9,0xf39fd6e51aad88f6f4ce6ab8827279cfffb92266,17400193080399917,ipfs://bafybeibilz47fthsx5surktoy36pcxexthcluatjdxjth6gcp5k7sm5ocu/solar_array/17400193080399917.json,0x50bc8e01e24e1e03960188aca4030e6f226319b91b99ce94571ccf857463a23f,210,0x07d6daaf736de312d0c2de8a9f5842a6c9dec40500d88e692a6c14fa81b67cbf,anvil
0xcf7ed3acca5a467e9e704c703e8d87f634fb0fc9,0xf39fd6e51aad88f6f4ce6ab8827279cfffb92266,17306235434624447,ipfs://bafybeibilz47fthsx5surktoy36pcxexthcluatjdxjth6gcp5k7sm5ocu/solar_array/17306235434624447.json,0x72d42af4ab84e9c78eced55b9f939b1d27fb7677a9878adf67a350ce04c41dbb,211,0x51e8cb590bb925f3c9c1f9884955d2de2cf39093257ce72d821bd4c6dba37c93,anvil
0xcf7ed3acca5a467e9e704c703e8d87f634fb0fc9,0xf39fd6e51aad88f6f4ce6ab8827279cfffb92266,17306864222373065,ipfs://bafybeibilz47fthsx5surktoy36pcxexthcluatjdxjth6gcp5k7sm5ocu/solar_array/17306864222373065.json,0x44f130df5dfd159968ec7fa692d9cfc813432babf0d17504b63606dae3d5bef0,212,0x827b700871ae0169780167db1b62c3e7ddb16489fdb3313c85a4d5443b770e84,anvil
0xcf7ed3acca5a467e9e704c703e8d87f634fb0fc9,0xf39fd6e51aad88f6f4ce6ab8827279cfffb92266,17300430243223435,ipfs://bafybeibilz47fthsx5surktoy36pcxexthcluatjdxjth6gcp5k7sm5ocu/solar_array/17300430243223435.json,0xc5c7e5a47a3a46ae46217999d9cb1cddafc92ceb5fa575ea43787db226a1ceb8,213,0x4778b32e4b6a1734e4b26bff65753940f1d47b9bf5ddeb0647c56b8181ba7716,anvil
0xcf7ed3acca5a467e9e704c703e8d87f634fb0fc9,0xf39fd6e51aad88f6f4ce6ab8827279cfffb92266,17400151008491187,ipfs://bafybeibilz47fthsx5surktoy36pcxexthcluatjdxjth6gcp5k7sm5ocu/solar_array/17400151008491187.json,0x1e4a2b03842adebfafc32efa632de0f2a1e3668af96c2e18421c7b1e842a1aa2,214,0xd8383c44f4df7c6aa5b810c65bdf017ffc46c1c916aaa6d5ea5677825feeafb7,anvil
0xcf7ed3acca5a467e9e704c703e8d87f634fb0fc9,0xf39fd6e51aad88f6f4ce6ab8827279cfffb92266,17306297646353825,ipfs://bafybeibilz47fthsx5surktoy36pcxexthcluatjdxjth6gcp5k7sm5ocu/solar_array/17306297646353825.json,0xe3499fc4942f2b3624c2109694aebe22ac5be181948c04784e7131385533ede1,215,0xf9337f983f3013be853b83f9067e2ec82a7ca84c4e5c2f016368c25151da4c81,anvil
0xcf7ed3acca5a467e9e704c703e8d87f634fb0fc9,0xf39fd6e51aad88f6f4ce6ab8827279cfffb92266,17306261855823587,ipfs://bafybeibilz47fthsx5surktoy36pcxexthcluatjdxjth6gcp5k7sm5ocu/solar_array/17306261855823587.json,0xd49bc63c15a7d0283870948eee3f16dc07263f8ea200fe923468492bcfd88a7d,216,0xc2b40a907c664cb9912659182c47da3a349b9c432aa04f260c20457b8ee3c1e8,anvil
0xcf7ed3acca5a467e9e704c703e8d87f634fb0fc9,0xf39fd6e51aad88f6f4ce6ab8827279cfffb92266,17309128033048211,ipfs://bafybeibilz47fthsx5surktoy36pcxexthcluatjdxjth6gcp5k7sm5ocu/solar_array/17309128033048211.json,0xe5cc1ff806c5f81ea0a8c30dc2d297e627783c0bb7fa7d99357e6aed0e6ae0a5,217,0xf57f7fae3184ed87db39bf0908a05d9aa1a32bbdb3c921cbff524b137f6a64c1,anvil
0xcf7ed3acca5a467e9e704c703e8d87f634fb0fc9,0xf39fd6e51aad88f6f4ce6ab8827279cfffb92266,17306477766164558,ipfs://bafybeibilz47fthsx5surktoy36pcxexthcluatjdxjth6gcp5k7sm5ocu/solar_array/17306477766164558.json,0xe09fc90de4726ab5906f2ef229e6280d261c3220823d7f84c08d55dbe05984ca,218,0x1e62969eb5e04b86f50181d931e808e4755a92d105b27ca23046fe6aaedb5a01,anvil
0xcf7ed3acca5a467e9e704c703e8d87f634fb0fc9,0xf39fd6e51aad88f6f4ce6ab8827279cfffb92266,17308755702576276,ipfs://bafybeibilz47fthsx5surktoy36pcxexthcluatjdxjth6gcp5k7sm5ocu/solar_array/17308755702576276.json,0x90d213a6a12e510b5c6d7249d957ea2b814fec2844df45a9aaab35008a1c7e02,219,0x77a9d35f4eb4d4006e04a34f313bd81016550d3e62a7d55facfb93c8ea770f98,anvil
0xcf7ed3acca5a467e9e704c703e8d87f634fb0fc9,0xf39fd6e51aad88f6f4ce6ab8827279cfffb92266,17309195123639136,ipfs://bafybeibilz47fthsx5surktoy36pcxexthcluatjdxjth6gcp5k7sm5ocu/solar_array/17309195123639136.json,0xeb0147f97aca3a3258a3deff5109467476f7fb291ce18041d7408bde7bf03729,220,0x9a10723219e89b2e8f79c37094fbeea5a2a23f8139e07d939123e76fad61d243,anvil
0xcf7ed3acca5a467e9e704c703e8d87f634fb0fc9,0xf39fd6e51aad88f6f4ce6ab8827279cfffb92266,17309104856179742,ipfs://bafybeibilz47fthsx5surktoy36pcxexthcluatjdxjth6gcp5k7sm5ocu/solar_array/17309104856179742.json,0x06c09b3b370836408f129a8e06b22319ee33a08ceb2d7be74d08bbdf484a9843,221,0x3c8496e6150cc9d1408047325e88fe71f70787d16b5641b364237602c1f87bc1,anvil
0xcf7ed3acca5a467e9e704c703e8d87f634fb0fc9,0xf39fd6e51aad88f6f4ce6ab8827279cfffb92266,17303975565010635,ipfs://bafybeibilz47fthsx5surktoy36pcxexthcluatjdxjth6gcp5k7sm5ocu/solar_array/17303975565010635.json,0xa1ce99d0433d132ceb88507e9ded9108c97efe770aa73dd07eb3369187eed2ef,222,0x9c6fa888568acb7a2664ee6a0996324c9b5027d1508fb30aecba367481bda00b,anvil
0xcf7ed3acca5a467e9e704c703e8d87f634fb0fc9,0xf39fd6e51aad88f6f4ce6ab8827279cfffb92266,17306191533791654,ipfs://bafybeibilz47fthsx5surktoy36pcxexthcluatjdxjth6gcp5k7sm5ocu/solar_array/17306191533791654.json,0x22a9762f795dc72aeeb3ea71df6f0855ce9fb5cb900772d6f1d23549543e60a4,223,0xa8806ca500d888b253c1f9871b79e2eadee95dffd5fc190965c58404967ad3aa,anvil
0xcf7ed3acca5a467e9e704c703e8d87f634fb0fc9,0xf39fd6e51aad88f6f4ce6ab8827279cfffb92266,17309110865415077,ipfs://bafybeibilz47fthsx5surktoy36pcxexthcluatjdxjth6gcp5k7sm5ocu/solar_array/17309110865415077.json,0xf0d43891be1d66125dc441fc8cfa981d6b44dedfb289f276071990cc9cbd2299,224,0x72b80444ca604a216752503148bc88b50847f89ec764909c816b2840dc9f748c,anvil
0xcf7ed3acca5a467e9e704c703e8d87f634fb0fc9,0xf39fd6e51aad88f6f4ce6ab8827279cfffb92266,17300480119583423,ipfs://bafybeibilz47fthsx5surktoy36pcxexthcluatjdxjth6gcp5k7sm5ocu/solar_array/17300480119583423.json,0xb91952c01f57664eba6657c1a76f0e63c30274313ce20332a35abc06bcb994d7,225,0x994c75e2742825790198228cf348bc46d0215304d916ec6f8299ae312507a14c,anvil
0xcf7ed3acca5a467e9e704c703e8d87f634fb0fc9,0xf39fd6e51aad88f6f4ce6ab8827279cfffb92266,17304113339691364,ipfs://bafybeibilz47fthsx5surktoy36pcxexthcluatjdxjth6gcp5k7sm5ocu/solar_array/17304113339691364.json,0xbd11f9779f95d8463dd98a1e26f7804a21a47e9221b7aca7e098f79210becf22,226,0x69deff28a2edf07034ca37f2d445bdfad445dd82a37a834e772056bc480efbd5,anvil
0xcf7ed3acca5a467e9e704c703e8d87f634fb0fc9,0xf39fd6e51aad88f6f4ce6ab8827279cfffb92266,17308536811404255,ipfs://bafybeibilz47fthsx5surktoy36pcxexthcluatjdxjth6gcp5k7sm5ocu/solar_array/17308536811404255.json,0x56a92fb608d4a9af39c4313cfcf2d5665f706f6505140bd9e5d5ce6e8103addc,227,0xf9d227b7f1a6a56c1a0d65b293830ce9d9cce2201b47ffb473743b8b84550d30,anvil
0xcf7ed3acca5a467e9e704c703e8d87f634fb0fc9,0xf39fd6e51aad88f6f4ce6ab8827279cfffb92266,17308562428914315,ipfs://bafybeibilz47fthsx5surktoy36pcxexthcluatjdxjth6gcp5k7sm5ocu/solar_array/17308562428914315.json,0x4b105396b043c98033b2d096d1a3119cdad818d47aa6acd658d5084ce21751aa,228,0xb0aa847a292ea472966d6a6dd8e0c037761d49edda9be24554c89a55c0824118,anvil
0xcf7ed3acca5a467e9e704c703e8d87f634fb0fc9,0xf39fd6e51aad88f6f4ce6ab8827279cfffb92266,17304110240203390,ipfs://bafybeibilz47fthsx5surktoy36pcxexthcluatjdxjth6gcp5k7sm5ocu/solar_array/17304110240203390.json,0xc6ca4569c043fad2e041fb53a0ee23d3230587800aa711d3ea20f0220a7f553c,229,0xc19b3477f8e47dd230eefb0aede575c85c4bdd31422bd40f98b3442e87b0813a,anvil
0xcf7ed3acca5a467e9e704c703e8d87f634fb0fc9,0xf39fd6e51aad88f6f4ce6ab8827279cfffb92266,17306173972752248,ipfs://bafybeibilz47fthsx5surktoy36pcxexthcluatjdxjth6gcp5k7sm5ocu/solar_array/17306173972752248.json,0xbb2412b4fb4b6cf441dd39f976d03a6e503bfb37aad442560efb2b20aedf0fab,230,0xfa022aac74c640a4be45d3377a369c086a9af66f3ae829a2f1b04605b2ae6380,anvil
0xcf7ed3acca5a467e9e704c703e8d87f634fb0fc9,0xf39fd6e51aad88f6f4ce6ab8827279cfffb92266,17307096782069430,ipfs://bafybeibilz47fthsx5surktoy36pcxexthcluatjdxjth6gcp5k7sm5ocu/solar_array/17307096782069430.json,0xb94690a03bdb3261a81ae9afe6750f7199df4e92e268041e138c6782f07b3532,231,0x185fe260bd6ba577f8752cfdf1b48490cc76f905cd0f3da9b1ad99a6c3b2da13,anvil
0xcf7ed3acca5a467e9e704c703e8d87f634fb0fc9,0xf39fd6e51aad88f6f4ce6ab8827279cfffb92266,17400238656074309,ipfs://bafybeibilz47fthsx5surktoy36pcxexthcluatjdxjth6gcp5k7sm5ocu/solar_array/17400238656074309.json,0xf4a83ddcee0b0fb525678eb7fe3710097da4684ffe1c8651a0ba72973d0ffd0d,232,0x44e9c2de3b4cdce1af620f878741fd25d54c3daf0f5b2081d5508bea88154b47,anvil
0xcf7ed3acca5a467e9e704c703e8d87f634fb0fc9,0xf39fd6e51aad88f6f4ce6ab8827279cfffb92266,17304112823717884,ipfs://bafybeibilz47fthsx5surktoy36pcxexthcluatjdxjth6gcp5k7sm5ocu/solar_array/17304112823717884.json,0x18ad3cf2cd53e9c14670d970aa0cb00705a37d16b0f66a43390abcb38593c2e5,233,0xe7d5c9610d1a5207de88aca313ff10f30cb655d72abd36c10dace96325e09bdf,anvil
0xcf7ed3acca5a467e9e704c703e8d87f634fb0fc9,0xf39fd6e51aad88f6f4ce6ab8827279cfffb92266,17304112653096462,ipfs://bafybeibilz47fthsx5surktoy36pcxexthcluatjdxjth6gcp5k7sm5ocu/solar_array/17304112653096462.json,0x655f67522dbfddc3315cd98933fe4c7356e1a6e97cdda1e59d33abc0d84cd5fb,234,0x71b45cf365ac440aea8daf0f9e9f1a3a0eb45db76927b7cbfd47451ff2ca10cf,anvil
0xcf7ed3acca5a467e9e704c703e8d87f634fb0fc9,0xf39fd6e51aad88f6f4ce6ab8827279cfffb92266,17306477407466890,ipfs://bafybeibilz47fthsx5surktoy36pcxexthcluatjdxjth6gcp5k7sm5ocu/solar_array/17306477407466890.json,0x0403290fbf98f38fc7f537141c1756d68df95ff5a531d85f88549637eaf83f9b,235,0xbf0bd55743a45af7a4791d6de31c7ed1367c3a8435527a1efe43c89693006947,anvil
0xcf7ed3acca5a467e9e704c703e8d87f634fb0fc9,0xf39fd6e51aad88f6f4ce6ab8827279cfffb92266,17304112834502610,ipfs://bafybeibilz47fthsx5surktoy36pcxexthcluatjdxjth6gcp5k7sm5ocu/solar_array/17304112834502610.json,0x064d236147296313b907f6edc5c4e40fbb78e43108a776dd0b4a3a0daaf4c3f4,236,0xb60fb0f191ce7113dc954a4ac787fe4958746b5327b22050fdcc4ec152f24e16,anvil
0xcf7ed3acca5a467e9e704c703e8d87f634fb0fc9,0xf39fd6e51aad88f6f4ce6ab8827279cfffb92266,17307045536529900,ipfs://bafybeibilz47fthsx5surktoy36pcxexthcluatjdxjth6gcp5k7sm5ocu/solar_array/17307045536529900.json,0xa876e7d0fefdecd5d37d707c14532f490e8af06924e7f5b45c70989c3f04acb5,237,0x12a02ef6c7e0d03453febf215f1471bbd2a61a9a6544951d95e05cf78ec6078e,anvil
0xcf7ed3acca5a467e9e704c703e8d87f634fb0fc9,0xf39fd6e51aad88f6f4ce6ab8827279cfffb92266,17306173447241445,ipfs://bafybeibilz47fthsx5surktoy36pcxexthcluatjdxjth6gcp5k7sm5ocu/solar_array/17306173447241445.json,0x6a5973cdd60de1a1838831f3622ccd3384c4381098498386223107470db9f0f5,238,0xa3171c8d957e0d74b6898b8f6616934a0269f4eecf4a4c11901e5012b7ab820f,anvil
0xcf7ed3acca5a467e9e704c703e8d87f634fb0fc9,0xf39fd6e51aad88f6f4ce6ab8827279cfffb92266,17400062027016493,ipfs://bafybeibilz47fthsx5surktoy36pcxexthcluatjdxjth6gcp5k7sm5ocu/solar_array/17400062027016493.json,0xad5d7d09002ad99541629093a7c776b07879b386e792a78fc684a75ae12ded9c,239,0xe36341c33047e392d32e01d1b49c27282c47ecfc6a5ea444a7cd19cb460a7f6d,anvil
0xcf7ed3acca5a467e9e704c703e8d87f634fb0fc9,0xf39fd6e51aad88f6f4ce6ab8827279cfffb92266,17300510451203577,ipfs://bafybeibilz47fthsx5surktoy36pcxexthcluatjdxjth6gcp5k7sm5ocu/solar_array/17300510451203577.json,0xb8cf24e16cc125b2978f660b4c9d0ac2f8c1e3713834faf5f4eb00d97bf055a5,240,0xf00044259ed778e76e905a8a257d0512bbd780408c87a1edc5507b12819ffb1d,anvil
0xcf7ed3acca5a467e9e704c703e8d87f634fb0fc9,0xf39fd6e51aad88f6f4ce6ab8827279cfffb92266,17400168251789702,ipfs://bafybeibilz47fthsx5surktoy36pcxexthcluatjdxjth6gcp5k7sm5ocu/solar_array/17400168251789702.json,0x436cf5e0fae9f7f5cf19d4a829c80e74a19abd38b7dd490f61f9480c24193c05,241,0x27f4981998fb44118f7e1f3148df0e5a0efff2124a6d8cd5a49e7f8afd277a5b,anvil
0xcf7ed3acca5a467e9e704c703e8d87f634fb0fc9,0xf39fd6e51aad88f6f4ce6ab8827279cfffb92266,17306309390629203,ipfs://bafybeibilz47fthsx5surktoy36pcxexthcluatjdxjth6gcp5k7sm5ocu/solar_array/17306309390629203.json,0xd938b748dc2e3777b9c76cc1dfbe1efbfc7c0a868371eef013203833d3714797,242,0x34d115a7f628b85a47ad4ff54041ee77434f6e209ff3d32f52a29e4a40881a9f,anvil
0xcf7ed3acca5a467e9e704c703e8d87f634fb0fc9,0xf39fd6e51aad88f6f4ce6ab8827279cfffb92266,17307140282419511,ipfs://bafybeibilz47fthsx5surktoy36pcxexthcluatjdxjth6gcp5k7sm5ocu/solar_array/17307140282419511.json,0x0190e66cd233bda41922bbad3d5228a3bb062a06f64e5825ec2d4a85436521ad,243,0xbf78e5bcc7399d1637e78472ebb6c4fd6a522869ee62fcd44cadd845cfa3b754,anvil
0xcf7ed3acca5a467e9e704c703e8d87f634fb0fc9,0xf39fd6e51aad88f6f4ce6ab8827279cfffb92266,17307040960026105,ipfs://bafybeibilz47fthsx5surktoy36pcxexthcluatjdxjth6gcp5k7sm5ocu/solar_array/17307040960026105.json,0x157c51fee32bea5df82196121624458b7d575af29568121012af748b8075559e,244,0xc9152f2ad2b2c4f352a7328ec4a2eb81cfc4647d3cec27a2c5212143c32bfb16,anvil
0xcf7ed3acca5a467e9e704c703e8d87f634fb0fc9,0xf39fd6e51aad88f6f4ce6ab8827279cfffb92266,17308529821290671,ipfs://bafybeibilz47fthsx5surktoy36pcxexthcluatjdxjth6gcp5k7sm5ocu/solar_array/17308529821290671.json,0xc71d7c70ee33cb319aeabb230db59c4e971e235bc8240b3f7e0b0518ab341edf,245,0xa90aa23dc13bae08dff635e8459d988e247a087f9fb9213cda7a95335d3235c6,anvil
0xcf7ed3acca5a467e9e704c703e8d87f634fb0fc9,0xf39fd6e51aad88f6f4ce6ab8827279cfffb92266,17308512912599201,ipfs://bafybeibilz47fthsx5surktoy36pcxexthcluatjdxjth6gcp5k7sm5ocu/solar_array/17308512912599201.json,0xcaf46b0e676e4f83d50be1c84e97ecd8d28ba55c2de1effe86810ddf21347ad8,246,0x8483b5d949c2063c6d7fd660f95eb39e3918acdeab1a96f6a82acc10e4655555,anvil
0xcf7ed3acca5a467e9e704c703e8d87f634fb0fc9,0xf39fd6e51aad88f6f4ce6ab8827279cfffb92266,17307040813305428,ipfs://bafybeibilz47fthsx5surktoy36pcxexthcluatjdxjth6gcp5k7sm5ocu/solar_array/17307040813305428.json,0x9a02b1cbaf824712c0ad845a1614cdfe989f181831fe2a7b085c4d6cf0023786,247,0x2d489625be6b4a6d2214a167a30228e15aa7ea696632495aad9253483ef5e843,anvil
0xcf7ed3acca5a467e9e704c703e8d87f634fb0fc9,0xf39fd6e51aad88f6f4ce6ab8827279cfffb92266,17307046321809888,ipfs://bafybeibilz47fthsx5surktoy36pcxexthcluatjdxjth6gcp5k7sm5ocu/solar_array/17307046321809888.json,0x557d672b2b58b038b8c380b1422f5d38cc459679e1f371b89169f26294daeca6,248,0x3451e8f0ab3d93f970d5c7039467ea128c9800d51fbb909dcb5bc91157924df6,anvil
0xcf7ed3acca5a467e9e704c703e8d87f634fb0fc9,0xf39fd6e51aad88f6f4ce6ab8827279cfffb92266,17305747221732036,ipfs://bafybeibilz47fthsx5surktoy36pcxexthcluatjdxjth6gcp5k7sm5ocu/solar_array/17305747221732036.json,0x36763a89723182a598b74da7da6e978e7e5cbd095afc776866907a37f2e57914,249,0x52b3871e0b4b68f633e6f97655695a18e20612c18b3f81c2a497560c8909f128,anvil
0xcf7ed3acca5a467e9e704c703e8d87f634fb0fc9,0xf39fd6e51aad88f6f4ce6ab8827279cfffb92266,17305747210357264,ipfs://bafybeibilz47fthsx5surktoy36pcxexthcluatjdxjth6gcp5k7sm5ocu/solar_array/17305747210357264.json,0x7fad61ee51928d9a646b969e214b1169c6cd714bf96055703ec4f23dbfebf147,250,0xd5534743a3198333d931d6dc384af8983c45fae70732b2e50be40f9858f80efc,anvil
0xcf7ed3acca5a467e9e704c703e8d87f634fb0fc9,0xf39fd6e51aad88f6f4ce6ab8827279cfffb92266,17308528264440656,ipfs://bafybeibilz47fthsx5surktoy36pcxexthcluatjdxjth6gcp5k7sm5ocu/solar_array/17308528264440656.json,0x8895c6e03df64a20322f6c779c1acd33b1a5e8591ea03af5a94df38025420eb9,251,0x65e3af014efb77a480545c0f22f30882baeef324f7e28081102107627741e4a7,anvil
0xcf7ed3acca5a467e9e704c703e8d87f634fb0fc9,0xf39fd6e51aad88f6f4ce6ab8827279cfffb92266,17306199537431480,ipfs://bafybeibilz47fthsx5surktoy36pcxexthcluatjdxjth6gcp5k7sm5ocu/solar_array/17306199537431480.json,0xb95c63f2cd7085b19232d52f91b369792fe3eb70894e78b817a79ce8eb6991a9,252,0x9f30dfbd56ea19b542ddd589d8ecd864f576a8a6f4b22f052bab9d171eeaccdd,anvil
0xcf7ed3acca5a467e9e704c703e8d87f634fb0fc9,0xf39fd6e51aad88f6f4ce6ab8827279cfffb92266,17308527567059975,ipfs://bafybeibilz47fthsx5surktoy36pcxexthcluatjdxjth6gcp5k7sm5ocu/solar_array/17308527567059975.json,0x764c5b572ee4567604a1c7427d7b3a823c06bc58daf068792d32b3a3b29ef61e,253,0x1806c12a93bd5df6ff181498583e1a6c1cfc05deae2d58c85e95ff0a80dcfcc1,anvil
0xcf7ed3acca5a467e9e704c703e8d87f634fb0fc9,0xf39fd6e51aad88f6f4ce6ab8827279cfffb92266,17308528889099277,ipfs://bafybeibilz47fthsx5surktoy36pcxexthcluatjdxjth6gcp5k7sm5ocu/solar_array/17308528889099277.json,0x97dc158d93e8e230e85eac7842afb4ee7496bf7a2c6888cc271da4739ebf2444,254,0x374d508e8f0ce6822ddd327f493b3903088021af2e3fb9d9b532d1346e61769d,anvil
0xcf7ed3acca5a467e9e704c703e8d87f634fb0fc9,0xf39fd6e51aad88f6f4ce6ab8827279cfffb92266,17308669068763951,ipfs://bafybeibilz47fthsx5surktoy36pcxexthcluatjdxjth6gcp5k7sm5ocu/solar_array/17308669068763951.json,0xd6481eb08b7352e2d9d23fe267c8be5e6087b3d1c2754e3f08ad228bd16965e5,255,0xb334e998af38dbb18cdb8bc919a43898db4fa696f90dd3ea566876be8d4fcc47,anvil
0xcf7ed3acca5a467e9e704c703e8d87f634fb0fc9,0xf39fd6e51aad88f6f4ce6ab8827279cfffb92266,17309332925495776,ipfs://bafybeibilz47fthsx5surktoy36pcxexthcluatjdxjth6gcp5k7sm5ocu/solar_array/17309332925495776.json,0x975429298da5d697a2314a5a55c9ad1b20087247c0a2669c66a22688b029242b,256,0xc49cd72a495647f61bdca42165c31bc5b8981aaf011dba54713618b8bbd0cd73,anvil
0xcf7ed3acca5a467e9e704c703e8d87f634fb0fc9,0xf39fd6e51aad88f6f4ce6ab8827279cfffb92266,17307312883802058,ipfs://bafybeibilz47fthsx5surktoy36pcxexthcluatjdxjth6gcp5k7sm5ocu/solar_array/17307312883802058.json,0x48164e26ed5a23c68de290dc1d0db7eb1e4fbdfa1925b30a85c496e24914bab3,257,0x8dcbd262ac7a61323e55199142cac17f0f0d7a0e231de080c75d224e37767d75,anvil
0xcf7ed3acca5a467e9e704c703e8d87f634fb0fc9,0xf39fd6e51aad88f6f4ce6ab8827279cfffb92266,17305616791077077,ipfs://bafybeibilz47fthsx5surktoy36pcxexthcluatjdxjth6gcp5k7sm5ocu/solar_array/17305616791077077.json,0x156d6a3dc26bf013c176e147c7cb844a4672afa7bc9dc6ce9ca6beef568d5d0f,258,0x6846124a499934cbc38ee63f7a6077240fed195f174d539c3029d0932e0bbc15,anvil
0xcf7ed3acca5a467e9e704c703e8d87f634fb0fc9,0xf39fd6e51aad88f6f4ce6ab8827279cfffb92266,17306236295450534,ipfs://bafybeibilz47fthsx5surktoy36pcxexthcluatjdxjth6gcp5k7sm5ocu/solar_array/17306236295450534.json,0x0e18f92960cf583b6865c61ba0a1b21e3660d89e33c07d216f49e69816ebedf6,259,0xda008b1dadb5aeeb8b895ecbee9e1f3ced6a30570e1aeae00f1ce31cf51ab397,anvil
0xcf7ed3acca5a467e9e704c703e8d87f634fb0fc9,0xf39fd6e51aad88f6f4ce6ab8827279cfffb92266,17300463286833560,ipfs://bafybeibilz47fthsx5surktoy36pcxexthcluatjdxjth6gcp5k7sm5ocu/solar_array/17300463286833560.json,0xbd3ed7b54aeb6876ea07d25052be507cd70630018b6b1ea5e0ae165442bd7e82,260,0x8ec7524262e169673c45df2ddd7ad51ec5e033e990c54bfb7b7b9e21311b125c,anvil
0xcf7ed3acca5a467e9e704c703e8d87f634fb0fc9,0xf39fd6e51aad88f6f4ce6ab8827279cfffb92266,17306290038166003,ipfs://bafybeibilz47fthsx5surktoy36pcxexthcluatjdxjth6gcp5k7sm5ocu/solar_array/17306290038166003.json,0x46ae4cb8b29168f42165a3f72ae2b6e47a310243b3f102bdf91e2d425c9fc1d7,261,0xee290b9ccbd0c8976dc2313d8f6d0d4a7fab5003c6e6bed8715fb7fe50912aaa,anvil
0xcf7ed3acca5a467e9e704c703e8d87f634fb0fc9,0xf39fd6e51aad88f6f4ce6ab8827279cfffb92266,17306454544580879,ipfs://bafybeibilz47fthsx5surktoy36pcxexthcluatjdxjth6gcp5k7sm5ocu/solar_array/17306454544580879.json,0xb233ba2bce4015dd6e3f888118f43be5357c7a0127021b7b784e60cbd6d9d51b,262,0x395900493625dc600e2d76efd8b9b965992bfc80cb56f20a1fb78ae0b9cb03e9,anvil
0xcf7ed3acca5a467e9e704c703e8d87f634fb0fc9,0xf39fd6e51aad88f6f4ce6ab8827279cfffb92266,17306190937834347,ipfs://bafybeibilz47fthsx5surktoy36pcxexthcluatjdxjth6gcp5k7sm5ocu/solar_array/17306190937834347.json,0x84effa96e186f6c4cb04a2a1c1489c7fb60ce8b9dedce4a55500a5331845f5c6,263,0xf989e4267a98400f456f51820245ec9c878ff9eebfe586bf08b287433c5ae03f,anvil
0xcf7ed3acca5a467e9e704c703e8d87f634fb0fc9,0xf39fd6e51aad88f6f4ce6ab8827279cfffb92266,17306283137245579,ipfs://bafybeibilz47fthsx5surktoy36pcxexthcluatjdxjth6gcp5k7sm5ocu/solar_array/17306283137245579.json,0x7fc5d9bf4c517b6e653ffd51a47af3614ad174a543ca39ae65395270129751ab,264,0xf1bf1547f0389e508c4af87dc6b4836b8d1b47913a8ded33003553da54b0ad41,anvil
0xcf7ed3acca5a467e9e704c703e8d87f634fb0fc9,0xf39fd6e51aad88f6f4ce6ab8827279cfffb92266,17308697041378530,ipfs://bafybeibilz47fthsx5surktoy36pcxexthcluatjdxjth6gcp5k7sm5ocu/solar_array/17308697041378530.json,0x22c78967ae291d234ee3ff900d843c0a3fbbc817d7a9965fc83eb105dc1674d0,265,0x7cdcc8114d316510ca2b1176b9dd3f83625e59b38d96ed80653e0afb07000c66,anvil
0xcf7ed3acca5a467e9e704c703e8d87f634fb0fc9,0xf39fd6e51aad88f6f4ce6ab8827279cfffb92266,17400150661778628,ipfs://bafybeibilz47fthsx5surktoy36pcxexthcluatjdxjth6gcp5k7sm5ocu/solar_array/17400150661778628.json,0xe2cdc126bf3dac9a9bcf99277acfb99d3917c94ba89132561378e2b11d8a9d2d,266,0x199263a04cf4df580f53cfe3bbc59ce77388dc9a1defe8d94fb74e045ca891ea,anvil
0xcf7ed3acca5a467e9e704c703e8d87f634fb0fc9,0xf39fd6e51aad88f6f4ce6ab8827279cfffb92266,17308759886890222,ipfs://bafybeibilz47fthsx5surktoy36pcxexthcluatjdxjth6gcp5k7sm5ocu/solar_array/17308759886890222.json,0x6687f18effce552220f8ae0e2f40c8aca7b10949c0ff0b89698a1ae63d700432,267,0xe044d939b8b09c92410acd2ae3c13024945f7902c420105924079d41dc2aa468,anvil
0xcf7ed3acca5a467e9e704c703e8d87f634fb0fc9,0xf39fd6e51aad88f6f4ce6ab8827279cfffb92266,17400059312378837,ipfs://bafybeibilz47fthsx5surktoy36pcxexthcluatjdxjth6gcp5k7sm5ocu/solar_array/17400059312378837.json,0x12c2e637a20601b513ef7aa65bb4e72a0c8dd353747ca8c76f4187f2893ca7eb,268,0x079fdd3bc0786946fbdf2bcc36390d99b78bce29cf6f084c9b3967ba0ca50303,anvil
0xcf7ed3acca5a467e9e704c703e8d87f634fb0fc9,0xf39fd6e51aad88f6f4ce6ab8827279cfffb92266,17306467087139839,ipfs://bafybeibilz47fthsx5surktoy36pcxexthcluatjdxjth6gcp5k7sm5ocu/solar_array/17306467087139839.json,0x72f641d43ba23d07543e4c42578be16d365a6bcf1b93dca47d279056d98d87f9,269,0x2be5a141f9679f2fc48e96fc3fdc81f7b45d6af73c32498678d570178faa10d1,anvil
0xcf7ed3acca5a467e9e704c703e8d87f634fb0fc9,0xf39fd6e51aad88f6f4ce6ab8827279cfffb92266,17306585019920591,ipfs://bafybeibilz47fthsx5surktoy36pcxexthcluatjdxjth6gcp5k7sm5ocu/solar_array/17306585019920591.json,0x4f4bab6bf4a617fb20fa107b101c27e122d4b5d416170e144299a6c885878603,270,0x13ac3d57cc133db78361433535bc82adcf6ad47d15f72f38ad69cd27f0bf5ace,anvil
0xcf7ed3acca5a467e9e704c703e8d87f634fb0fc9,0xf39fd6e51aad88f6f4ce6ab8827279cfffb92266,17306863696810188,ipfs://bafybeibilz47fthsx5surktoy36pcxexthcluatjdxjth6gcp5k7sm5ocu/solar_array/17306863696810188.json,0x6ac2876438177e831313f9f70bf8c922ff3689fda6a0df2c9841248f463f9bb5,271,0x54f069d01678b4f8bb4340399093ec1386ba81e8d20c887bd6bdbe625a3c0e06,anvil
0xcf7ed3acca5a467e9e704c703e8d87f634fb0fc9,0xf39fd6e51aad88f6f4ce6ab8827279cfffb92266,17306191643365349,ipfs://bafybeibilz47fthsx5surktoy36pcxexthcluatjdxjth6gcp5k7sm5ocu/solar_array/17306191643365349.json,0xbb715d8e0b7e7c4815fda1d545679595a74321b1b4168f970359d96ed95ee128,272,0xc4a79945f65eefb50f699971f054deec1d4079877268e781eb64f0a57de25f30,anvil
0xcf7ed3acca5a467e9e704c703e8d87f634fb0fc9,0xf39fd6e51aad88f6f4ce6ab8827279cfffb92266,17306328528559138,ipfs://bafybeibilz47fthsx5surktoy36pcxexthcluatjdxjth6gcp5k7sm5ocu/solar_array/17306328528559138.json,0xcb61587ae2d533d185460f2f5b70f6ea8297e08ab4e51244223f07df5773a6f6,273,0x5e31e87612b6518d6fc117854fe2d892bc58cac71440e41c4b099f07d07af1d0,anvil
0xcf7ed3acca5a467e9e704c703e8d87f634fb0fc9,0xf39fd6e51aad88f6f4ce6ab8827279cfffb92266,17306410359006869,ipfs://bafybeibilz47fthsx5surktoy36pcxexthcluatjdxjth6gcp5k7sm5ocu/solar_array/17306410359006869.json,0x76e212c646b0bbed88441eefe8a279c31fb82c9eb074962f14170ee58d182cf7,274,0x23fa48a5f9bc3f07d3e91fb6bbf27522ef8a0ea2383fcb356b227466b556e593,anvil
0xcf7ed3acca5a467e9e704c703e8d87f634fb0fc9,0xf39fd6e51aad88f6f4ce6ab8827279cfffb92266,17308660502563156,ipfs://bafybeibilz47fthsx5surktoy36pcxexthcluatjdxjth6gcp5k7sm5ocu/solar_array/17308660502563156.json,0xcd1779b62bc517aa604c594dd377cb87b87758c4d10a42996a2041d8a13569bd,275,0x0680765844b39112354ebc7698767cf55f4d019b6a290e1b21d3157b1047379d,anvil
0xcf7ed3acca5a467e9e704c703e8d87f634fb0fc9,0xf39fd6e51aad88f6f4ce6ab8827279cfffb92266,17308660342371327,ipfs://bafybeibilz47fthsx5surktoy36pcxexthcluatjdxjth6gcp5k7sm5ocu/solar_array/17308660342371327.json,0x576ec81a2ef77daf1172a22144d370f1f40f8a7cddafa7b7b4efce8d29910ac2,276,0x7eeb336bf681448ac98c52b1cb563284b70d85e024e3716a29be4f5f19cb9856,anvil
0xcf7ed3acca5a467e9e704c703e8d87f634fb0fc9,0xf39fd6e51aad88f6f4ce6ab8827279cfffb92266,17307049334880950,ipfs://bafybeibilz47fthsx5surktoy36pcxexthcluatjdxjth6gcp5k7sm5ocu/solar_array/17307049334880950.json,0xfea80c3d4901696f630ce4a643d0a4973fa7e9874a5c50f1ba9e6ce8c5e1fd52,277,0x99b70b16bdf4db1724d0f49df472451e350537e3cd49d629678772ffeae587a8,anvil
0xcf7ed3acca5a467e9e704c703e8d87f634fb0fc9,0xf39fd6e51aad88f6f4ce6ab8827279cfffb92266,17308556396434619,ipfs://bafybeibilz47fthsx5surktoy36pcxexthcluatjdxjth6gcp5k7sm5ocu/solar_array/17308556396434619.json,0x88d830c006fbe8e1d4d3b343921bd2d29566768377fa9955e49b12b68777a940,278,0x34e7c8973cebe65d6e6d8261de32a5b24f54353233fe5f18080a898f7779ed6d,anvil
0xcf7ed3acca5a467e9e704c703e8d87f634fb0fc9,0xf39fd6e51aad88f6f4ce6ab8827279cfffb92266,17305727022957197,ipfs://bafybeibilz47fthsx5surktoy36pcxexthcluatjdxjth6gcp5k7sm5ocu/solar_array/17305727022957197.json,0x3fd38f5430e911bd15e9a5122231938048427dc4962e6d97d7dba85a003ef670,279,0xcbc478d62180d18be072d6dacca49b40cbe36905a70fcda400599322a0937ad9,anvil
0xcf7ed3acca5a467e9e704c703e8d87f634fb0fc9,0xf39fd6e51aad88f6f4ce6ab8827279cfffb92266,17403363664767166,ipfs://bafybeibilz47fthsx5surktoy36pcxexthcluatjdxjth6gcp5k7sm5ocu/solar_array/17403363664767166.json,0x7a6ea53aceb9d23d2bfce0dbacbbd357bd055ba4e3f7faa35f288c2e5210f2d2,280,0xb59db9aa291d238ec60ff9af4bfc85a6c1d41954166ba36098cb8660d3277301,anvil
0xcf7ed3acca5a467e9e704c703e8d87f634fb0fc9,0xf39fd6e51aad88f6f4ce6ab8827279cfffb92266,17305726554285351,ipfs://bafybeibilz47fthsx5surktoy36pcxexthcluatjdxjth6gcp5k7sm5ocu/solar_array/17305726554285351.json,0xd78d9c85ababcc52fb6e86556b1819b86f9046e5e102729fe2c8a70084468639,281,0x389d1002f6566793238c47b5ce10518e95e31391ccb85a1b9ba12b60dd248856,anvil
0xcf7ed3acca5a467e9e704c703e8d87f634fb0fc9,0xf39fd6e51aad88f6f4ce6ab8827279cfffb92266,17308645490319586,ipfs://bafybeibilz47fthsx5surktoy36pcxexthcluatjdxjth6gcp5k7sm5ocu/solar_array/17308645490319586.json,0x7fb9ad9eb4fe902c2efa786a209aab5a901a41da44d852acb7eb72dff859b99b,282,0x32826f6cad44e788426189cf75da3298dba1723b6d5bbb9c43d7271e057e54c0,anvil
